Workbook

Sheet Products
A1: ProductID | B1: Name | C1: UnitPrice | D1: Category
A2: 101 | B2: Laptop | C2: 999.99 | D2: Electronics
A3: 102 | B3: Mouse | C3: 29.99 | D3: Electronics
A4: 103 | B4: Desk | C4: 249.99 | D4: Furniture
A5: 104 | B5: Chair | C5: 349.99 | D5: Furniture
A6: 105 | B6: Monitor | C6: 449.99 | D6: Electronics
A7: 106 | B7: Keyboard | C7: 79.99 | D7: Electronics
A8: 107 | B8: Lamp | C8: 59.99 | D8: Furniture
A9: 108 | B9: Headset | C9: 129.99 | D9: Electronics

Sheet Orders
A1: OrderID | B1: ProductID | C1: Qty | D1: UnitPrice | E1: LineTotal | F1: Discount | G1: NetTotal
A2: 1001 | B2: 101 | C2: 2 | D2: =VLOOKUP(B2,Products!A:C,3,FALSE) | E2: =C2*D2 | F2: =IF(C2>=5,0.1,0) | G2: =E2*(1-F2)
A3: 1002 | B3: 103 | C3: 1 | D3: =VLOOKUP(B3,Products!A:C,3,FALSE) | E3: =C3*D3 | F3: =IF(C3>=5,0.1,0) | G3: =E3*(1-F3)
A4: 1003 | B4: 102 | C4: 5 | D4: =VLOOKUP(B4,Products!A:C,3,FALSE) | E4: =C4*D4 | F4: =IF(C4>=5,0.1,0) | G4: =E4*(1-F4)
A5: 1004 | B5: 105 | C5: 3 | D5: =VLOOKUP(B5,Products!A:C,3,FALSE) | E5: =C5*D5 | F5: =IF(C5>=5,0.1,0) | G5: =E5*(1-F5)
A6: 1005 | B6: 104 | C6: 2 | D6: =VLOOKUP(B6,Products!A:C,3,FALSE) | E6: =C6*D6 | F6: =IF(C6>=5,0.1,0) | G6: =E6*(1-F6)
A7: 1006 | B7: 106 | C7: 10 | D7: =VLOOKUP(B7,Products!A:C,3,FALSE) | E7: =C7*D7 | F7: =IF(C7>=5,0.1,0) | G7: =E7*(1-F7)
A8: 1007 | B8: 108 | C8: 4 | D8: =VLOOKUP(B8,Products!A:C,3,FALSE) | E8: =C8*D8 | F8: =IF(C8>=5,0.1,0) | G8: =E8*(1-F8)
A9: 1008 | B9: 101 | C9: 1 | D9: =VLOOKUP(B9,Products!A:C,3,FALSE) | E9: =C9*D9 | F9: =IF(C9>=5,0.1,0) | G9: =E9*(1-F9)
A10: 1009 | B10: 107 | C10: 6 | D10: =VLOOKUP(B10,Products!A:C,3,FALSE) | E10: =C10*D10 | F10: =IF(C10>=5,0.1,0) | G10: =E10*(1-F10)
A11: 1010 | B11: 102 | C11: 3 | D11: =VLOOKUP(B11,Products!A:C,3,FALSE) | E11: =C11*D11 | F11: =IF(C11>=5,0.1,0) | G11: =E11*(1-F11)
A13: Totals | E13: =SUM(E2:E11) | G13: =SUM(G2:G11)

Sheet Dashboard
A1: KPI Dashboard
A3: Total Gross Revenue | B3: =Orders!E13
A4: Total Net Revenue | B4: =Orders!G13
A5: Total Discount Amount | B5: =B3-B4
A6: Discount Rate | B6: =IF(B3>0,B5/B3,0)
A8: Avg Order Value (Gross) | B8: =AVERAGE(Orders!E2:Orders!E11)
A9: Avg Order Value (Net) | B9: =AVERAGE(Orders!G2:Orders!G11)
A10: Total Orders | B10: =COUNTA(Orders!A2:Orders!A11)
A11: Total Units Sold | B11: =SUM(Orders!C2:Orders!C11)
A13: Electronics Revenue | B13: =SUMPRODUCT((Products!D2:Products!D9="Electronics")*(Products!C2:Products!C9))
A14: Furniture Revenue | B14: =SUMPRODUCT((Products!D2:Products!D9="Furniture")*(Products!C2:Products!C9))
A15: Electronics Share | B15: =B13/(B13+B14)
A17: Revenue per Unit | B17: =B4/B11
A18: Performance | B18: =IF(B17>100,"High",IF(B17>50,"Medium","Low"))
