Workbook

Sheet Team
A1: TeamID | B1: Name | C1: Role | D1: RateID | E1: Availability
A2: 1 | B2: Alice | C2: Lead | D2: R1 | E2: 1
A3: 2 | B3: Bob | C3: Developer | D3: R2 | E3: 0.8
A4: 3 | B4: Carol | C4: Developer | D4: R2 | E4: 1
A5: 4 | B5: Dave | C5: Designer | D5: R3 | E5: 0.5
A6: 5 | B6: Eve | C6: QA | D6: R4 | E6: 1
A7: 6 | B7: Frank | C7: Developer | D7: R2 | E7: 0.6
A8: 7 | B8: Grace | C8: DevOps | D8: R5 | E8: 0.4
A9: 8 | B9: Hank | C9: Manager | D9: R6 | E9: 0.3
A11: Team Size | B11: =COUNTA(B2:B9)
A12: Total FTE | B12: =SUM(E2:E9)
A13: Avg Availability | B13: =AVERAGE(E2:E9)
A14: Developers | B14: =COUNTIF(C2:C9,"Developer")

Sheet Rates
A1: RateID | B1: Role | C1: Daily Rate | D1: Overhead % | E1: Loaded Rate
A2: R1 | B2: Lead | C2: 650 | D2: 0.35 | E2: =C2*(1+D2)
A3: R2 | B3: Developer | C3: 500 | D3: 0.3 | E3: =C3*(1+D3)
A4: R3 | B4: Designer | C4: 450 | D4: 0.25 | E4: =C4*(1+D4)
A5: R4 | B5: QA | C5: 400 | D5: 0.28 | E5: =C5*(1+D5)
A6: R5 | B6: DevOps | C6: 550 | D6: 0.32 | E6: =C6*(1+D6)
A7: R6 | B7: Manager | C7: 700 | D7: 0.4 | E7: =C7*(1+D7)
A9: Avg Daily Rate | B9: =AVERAGE(C2:C7)
A10: Avg Loaded Rate | B10: =AVERAGE(E2:E7)
A11: Max Loaded Rate | B11: =MAX(E2:E7)

Sheet Tasks
A1: TaskID | B1: Task Name | C1: Assigned (TeamID) | D1: Days | E1: Daily Rate (looked up) | F1: Effective Days | G1: Task Cost | H1: Phase
A2: T01 | B2: Architecture Design | C2: 1 | D2: 10 | E2: =INDEX(Rates!E:E,MATCH(INDEX(Team!D:D,MATCH(C2,Team!A:A,0)),Rates!A:A,0)) | F2: =D2/INDEX(Team!E:E,MATCH(C2,Team!A:A,0)) | G2: =F2*E2 | H2: Planning
A3: T02 | B3: UI Mockups | C3: 4 | D3: 8 | E3: =INDEX(Rates!E:E,MATCH(INDEX(Team!D:D,MATCH(C3,Team!A:A,0)),Rates!A:A,0)) | F3: =D3/INDEX(Team!E:E,MATCH(C3,Team!A:A,0)) | G3: =F3*E3 | H3: Planning
A4: T03 | B4: Backend Core | C4: 2 | D4: 25 | E4: =INDEX(Rates!E:E,MATCH(INDEX(Team!D:D,MATCH(C4,Team!A:A,0)),Rates!A:A,0)) | F4: =D4/INDEX(Team!E:E,MATCH(C4,Team!A:A,0)) | G4: =F4*E4 | H4: Development
A5: T04 | B5: Frontend Core | C5: 3 | D5: 20 | E5: =INDEX(Rates!E:E,MATCH(INDEX(Team!D:D,MATCH(C5,Team!A:A,0)),Rates!A:A,0)) | F5: =D5/INDEX(Team!E:E,MATCH(C5,Team!A:A,0)) | G5: =F5*E5 | H5: Development
A6: T05 | B6: API Integration | C6: 6 | D6: 15 | E6: =INDEX(Rates!E:E,MATCH(INDEX(Team!D:D,MATCH(C6,Team!A:A,0)),Rates!A:A,0)) | F6: =D6/INDEX(Team!E:E,MATCH(C6,Team!A:A,0)) | G6: =F6*E6 | H6: Development
A7: T06 | B7: DB Schema | C7: 2 | D7: 5 | E7: =INDEX(Rates!E:E,MATCH(INDEX(Team!D:D,MATCH(C7,Team!A:A,0)),Rates!A:A,0)) | F7: =D7/INDEX(Team!E:E,MATCH(C7,Team!A:A,0)) | G7: =F7*E7 | H7: Development
A8: T07 | B8: CI/CD Pipeline | C8: 7 | D8: 6 | E8: =INDEX(Rates!E:E,MATCH(INDEX(Team!D:D,MATCH(C8,Team!A:A,0)),Rates!A:A,0)) | F8: =D8/INDEX(Team!E:E,MATCH(C8,Team!A:A,0)) | G8: =F8*E8 | H8: Infrastructure
A9: T08 | B9: Unit Tests | C9: 5 | D9: 12 | E9: =INDEX(Rates!E:E,MATCH(INDEX(Team!D:D,MATCH(C9,Team!A:A,0)),Rates!A:A,0)) | F9: =D9/INDEX(Team!E:E,MATCH(C9,Team!A:A,0)) | G9: =F9*E9 | H9: Testing
A10: T09 | B10: Integration Tests | C10: 5 | D10: 8 | E10: =INDEX(Rates!E:E,MATCH(INDEX(Team!D:D,MATCH(C10,Team!A:A,0)),Rates!A:A,0)) | F10: =D10/INDEX(Team!E:E,MATCH(C10,Team!A:A,0)) | G10: =F10*E10 | H10: Testing
A11: T10 | B11: Performance Testing | C11: 5 | D11: 5 | E11: =INDEX(Rates!E:E,MATCH(INDEX(Team!D:D,MATCH(C11,Team!A:A,0)),Rates!A:A,0)) | F11: =D11/INDEX(Team!E:E,MATCH(C11,Team!A:A,0)) | G11: =F11*E11 | H11: Testing
A12: T11 | B12: Code Review | C12: 1 | D12: 10 | E12: =INDEX(Rates!E:E,MATCH(INDEX(Team!D:D,MATCH(C12,Team!A:A,0)),Rates!A:A,0)) | F12: =D12/INDEX(Team!E:E,MATCH(C12,Team!A:A,0)) | G12: =F12*E12 | H12: QA
A13: T12 | B13: Security Audit | C13: 7 | D13: 4 | E13: =INDEX(Rates!E:E,MATCH(INDEX(Team!D:D,MATCH(C13,Team!A:A,0)),Rates!A:A,0)) | F13: =D13/INDEX(Team!E:E,MATCH(C13,Team!A:A,0)) | G13: =F13*E13 | H13: QA
... A16: T15 | B16: Training | C16: 8 | D16: 4 | E16: =INDEX(Rates!E:E,MATCH(INDEX(Team!D:D,MATCH(C16,Team!A:A,0)),Rates!A:A,0)) | F16: =D16/INDEX(Team!E:E,MATCH(C16,Team!A:A,0)) | G16: =F16*E16 | H16: Delivery
A18: Totals | D18: =SUM(D2:D16) | F18: =SUM(F2:F16) | G18: =SUM(G2:G16)

Sheet Budget
A1: Project Budget Summary
A3: Phase | B3: Labor Cost | C3: Contingency (15%) | D3: Phase Total
A4: Planning | B4: =SUMIF(Tasks!H:H,A4,Tasks!G:G) | C4: =B4*0.15 | D4: =B4+C4
A5: Development | B5: =SUMIF(Tasks!H:H,A5,Tasks!G:G) | C5: =B5*0.15 | D5: =B5+C5
A6: Infrastructure | B6: =SUMIF(Tasks!H:H,A6,Tasks!G:G) | C6: =B6*0.15 | D6: =B6+C6
A7: Testing | B7: =SUMIF(Tasks!H:H,A7,Tasks!G:G) | C7: =B7*0.15 | D7: =B7+C7
A8: QA | B8: =SUMIF(Tasks!H:H,A8,Tasks!G:G) | C8: =B8*0.15 | D8: =B8+C8
A9: Delivery | B9: =SUMIF(Tasks!H:H,A9,Tasks!G:G) | C9: =B9*0.15 | D9: =B9+C9
A10: Subtotal Labor | B10: =SUM(B4:B9) | C10: =SUM(C4:C9) | D10: =SUM(D4:D9)
A12: Management Overhead (10%) | B12: =B10*0.10
A13: Tools & Licenses | B13: 3500
A14: Total Project Cost | B14: =D10+B12+B13
A16: Cost per FTE | B16: =B14/Team!B12
A17: Cost per Task Day | B17: =B14/Tasks!D18
A18: Avg Task Cost | B18: =Tasks!G18/COUNTA(Tasks!A2:A16)

Sheet Report
A1: Executive Report
A3: Total Budget | B3: =Budget!B14
A4: Labor Component | B4: =Budget!B10
A5: Labor % | B5: =B4/B3
A6: Contingency | B6: =Budget!C10
A7: Overhead | B7: =Budget!B12
A9: Team FTE | B9: =Team!B12
A10: Task Days | B10: =Tasks!D18
A11: Effective Days | B11: =Tasks!F18
A12: Efficiency | B12: =B10/B11
A14: Largest Phase | B14: =INDEX(Budget!A4:A9,MATCH(MAX(Budget!D4:D9),Budget!D4:D9,0))
A15: Largest Phase Cost | B15: =MAX(Budget!D4:D9)
A16: Largest Phase Share | B16: =B15/B3
A18: Risk Level | B18: =IF(B5>0.85,"High: labor-heavy",IF(B5>0.7,"Medium","Low"))
A19: Budget Grade | B19: =IF(B3<50000,"Small",IF(B3<150000,"Medium",IF(B3<500000,"Large","Enterprise")))
